ALIAS INSERT

CREATE TABLE TABLE_NAME_1(ID INT, COL1 INT, FEAT1 FLOAT);
SUCCESS
CREATE TABLE TABLE_NAME_2(ID INT, COL2 INT, FEAT2 FLOAT);
SUCCESS
CREATE TABLE TABLE_NAME_3(ID INT, COL3 INT, FEAT3 FLOAT);
SUCCESS
INSERT INTO TABLE_NAME_1 VALUES (1, 4, 11.2);
SUCCESS
INSERT INTO TABLE_NAME_1 VALUES (2, 2, 12.0);
SUCCESS
INSERT INTO TABLE_NAME_1 VALUES (3, 3, 13.5);
SUCCESS
INSERT INTO TABLE_NAME_2 VALUES (1, 2, 13.0);
SUCCESS
INSERT INTO TABLE_NAME_2 VALUES (2, 7, 10.5);
SUCCESS
INSERT INTO TABLE_NAME_2 VALUES (5, 3, 12.6);
SUCCESS
INSERT INTO TABLE_NAME_3 VALUES (1, 2, 11.0);
SUCCESS
INSERT INTO TABLE_NAME_3 VALUES (3, 6, 16.5);
SUCCESS
INSERT INTO TABLE_NAME_3 VALUES (5, 5, 14.6);
SUCCESS

SELECT * FROM TABLE_NAME_1
ID | COL1 | FEAT1
1 | 4 | 11.2
2 | 2 | 12
3 | 3 | 13.5

SELECT * FROM TABLE_NAME_1 T1 WHERE ID IN (SELECT T2.ID FROM TABLE_NAME_2 T2 WHERE T2.COL2 >= T1.COL1);
T1.ID | T1.COL1 | T1.FEAT1
2 | 2 | 12

SELECT T1.ID NUM, T1.COL1 AGE, T1.FEAT1 FROM TABLE_NAME_1 T1;
NUM | AGE | T1.FEAT1
1 | 4 | 11.2
2 | 2 | 12
3 | 3 | 13.5
