ALIAS INSERT

CREATE TABLE TABLE_NAME_1(ID INT, COL1 INT, FEAT1 FLOAT);
SUCCESS
CREATE TABLE TABLE_NAME_2(ID INT, COL2 INT, FEAT2 FLOAT);
SUCCESS
CREATE TABLE TABLE_NAME_3(ID INT, COL3 INT, FEAT3 FLOAT);
SUCCESS
INSERT INTO TABLE_NAME_1 VALUES (1, 4, 11.2);
SUCCESS
INSERT INTO TABLE_NAME_1 VALUES (2, 2, 12.0);
SUCCESS
INSERT INTO TABLE_NAME_1 VALUES (3, 3, 13.5);
SUCCESS
INSERT INTO TABLE_NAME_2 VALUES (1, 2, 13.0);
SUCCESS
INSERT INTO TABLE_NAME_2 VALUES (2, 7, 10.5);
SUCCESS
INSERT INTO TABLE_NAME_2 VALUES (5, 3, 12.6);
SUCCESS
INSERT INTO TABLE_NAME_3 VALUES (1, 2, 11.0);
SUCCESS
INSERT INTO TABLE_NAME_3 VALUES (3, 6, 16.5);
SUCCESS
INSERT INTO TABLE_NAME_3 VALUES (5, 5, 14.6);
SUCCESS

SELECT * FROM TABLE_NAME_1
ID | COL1 | FEAT1
1 | 4 | 11.2
2 | 2 | 12
3 | 3 | 13.5

SELECT * FROM TABLE_NAME_1 T1 WHERE ID IN (SELECT T2.ID FROM TABLE_NAME_2 T2 WHERE T2.COL2 >= T1.COL1);
T1.ID | T1.COL1 | T1.FEAT1
2 | 2 | 12

SELECT T1.ID NUM, T1.COL1 AGE, T1.FEAT1 FROM TABLE_NAME_1 T1;
NUM | AGE | T1.FEAT1
1 | 4 | 11.2
2 | 2 | 12
3 | 3 | 13.5

SELECT T1.ID AS NUM, T1.COL1 AS AGE, T1.FEAT1, T2.* FROM TABLE_NAME_1 T1, TABLE_NAME_2 T2 WHERE T1.ID < T2.ID;
NUM | AGE | T1.FEAT1 | T2.ID | T2.COL2 | T2.FEAT2
1 | 4 | 11.2 | 2 | 7 | 10.5
1 | 4 | 11.2 | 5 | 3 | 12.6
2 | 2 | 12 | 5 | 3 | 12.6
3 | 3 | 13.5 | 5 | 3 | 12.6

SELECT COUNT(*) AS NUM, AVG(T1.COL1) SCORE FROM TABLE_NAME_1 T1, TABLE_NAME_2 T2 WHERE T1.ID < T2.ID;
NUM | SCORE
4 | 3.25

SELECT T1.ID AS NUM FROM TABLE_NAME_1 T1 WHERE ID IN (SELECT T2.ID FROM TABLE_NAME_2 T2 WHERE NUM > T2.ID);
FAILURE

SELECT * FROM TABLE_NAME_1 T, TABLE_NAME_2 T;
FAILURE
