LIKE INSERT

CREATE TABLE LIKE_TABLE(ID INT, NAME CHAR(12));
SUCCESS
INSERT INTO LIKE_TABLE VALUES (1,'APPLE');
SUCCESS
INSERT INTO LIKE_TABLE VALUES (2,'ORANGE');
SUCCESS
INSERT INTO LIKE_TABLE VALUES (3,'PEACH');
SUCCESS
INSERT INTO LIKE_TABLE VALUES (4,'LEMON');
SUCCESS
INSERT INTO LIKE_TABLE VALUES (5,'BANANA');
SUCCESS
INSERT INTO LIKE_TABLE VALUES (6,'GRAPE');
SUCCESS
INSERT INTO LIKE_TABLE VALUES (7,'COCONUT');
SUCCESS
INSERT INTO LIKE_TABLE VALUES (8,'MANGO');
SUCCESS
INSERT INTO LIKE_TABLE VALUES (9,'FIG');
SUCCESS
INSERT INTO LIKE_TABLE VALUES (10,'CHERRY');
SUCCESS
INSERT INTO LIKE_TABLE VALUES (11,'PINEAPPLE');
SUCCESS
INSERT INTO LIKE_TABLE VALUES (12,'STRAWBERRY');
SUCCESS

SELECT * FROM LIKE_TABLE;
1 | APPLE
10 | CHERRY
11 | PINEAPPLE
12 | STRAWBERRY
2 | ORANGE
3 | PEACH
4 | LEMON
5 | BANANA
6 | GRAPE
7 | COCONUT
8 | MANGO
9 | FIG
ID | NAME

SELECT * FROM LIKE_TABLE WHERE NAME LIKE 'C%';
ID | NAME
7 | COCONUT
10 | CHERRY
