FUNCTION INSERT

create table func_table(id int, col1 int, col2 int, col3 float, col4 float);
SUCCESS
insert into func_table VALUES (1, 1, 1, 1.0, 1.5);
SUCCESS
insert into func_table VALUES (2, 2, -2, 5.5, 1.0);
SUCCESS
insert into func_table VALUES (3, 3, 4, 5.0, 4.0);
SUCCESS

select round(3.1415, 2);
ROUND(3.1415)
3.14

select round(col4, 1) from func_table;
ROUND(col4)
1.5
1
4